﻿<?xml version="1.0" encoding="UTF-8" standalone="yes"?>
<assembly xmlns="urn:schemas-microsoft-com:asm.v1" manifestVersion="1.0">
  <dependency>
    <dependentAssembly>
      <assemblyIdentity type="win32" name="Microsoft.VC80.CRT" version="8.0.50727.762" processorArchitecture="x86"></assemblyIdentity>
    </dependentAssembly>
  </dependency>
  <dependency>
    <dependentAssembly>
      <assemblyIdentity type="win32" name="Microsoft.VC80.MFC" version="8.0.50727.762" processorArchitecture="x86"></assemblyIdentity>
    </dependentAssembly>
  </dependency>
  <dependency>
    <dependentAssembly>
      <assemblyIdentity type="win32" name="Microsoft.Windows.Common-Controls" version="6.0.0.0" processorArchitecture="x86" publicKeyToken="6595b64144ccf1df" language="*"></assemblyIdentity>
    </dependentAssembly>
  </dependency>
</assembly>
