﻿<?xml version="1.0" encoding="UTF-8" standalone="yes"?>
<!-- Copyright (c) Microsoft Corporation -->
<assembly xmlns="urn:schemas-microsoft-com:asm.v1" manifestVersion="1.0">
<assemblyIdentity 
	processorArchitecture="x86"
	version="1.0.0.0" 
	name="Kingsoft.Antivirus.Extension" type="win32" />
<description>Fix Setting</description>
<dependency>
    <dependentAssembly>
        <assemblyIdentity
            type="win32"
            name="Microsoft.Windows.Common-Controls"
            version="6.0.0.0"
            publicKeyToken="6595b64144ccf1df"
            processorArchitecture="x86"
        />
    </dependentAssembly>
</dependency>
<trustInfo xmlns="urn:schemas-microsoft-com:asm.v3">
    <security>
        <requestedPrivileges>
            <requestedExecutionLevel
                level="highestAvailable"
                uiAccess="false"
            />
        </requestedPrivileges>
    </security>
</trustInfo>
</assembly>
